timestamp,domain,user_ip,server_ip,risk
2026-04-21 04:34:47,dropbox.com,2409:40f4:2049:f87a:1299:8265:a679:85e,2620:100:6031:18::a27d:5112,HIGH
2026-04-21 04:34:47,dropbox.com,2409:40f4:2049:f87a:1299:8265:a679:85e,64:ff9b::22fd:a35d,HIGH
2026-04-21 04:34:50,dropbox.com,2409:40f4:2049:f87a:1299:8265:a679:85e,2600:1901:0:38d7::,HIGH
2026-04-21 04:34:50,dropbox.com,2409:40f4:211f:612f:2cf2:5ac3:1d00:2739,2620:1ec:33::10,HIGH
2026-04-21 04:34:44,dropbox.com,2409:40f4:211f:612f:2cf2:5ac3:1d00:2739,2620:1ec:33::10,HIGH
2026-04-21 04:34:51,dropbox.com,2409:40f4:211f:612f:2cf2:5ac3:1d00:2739,64:ff9b::d6b:890b,HIGH
2026-04-21 04:34:51,dropbox.com,2409:40f4:2049:f87a:1299:8265:a679:85e,2404:6800:4003:c01::bc,HIGH
2026-04-21 04:34:52,dropbox.com,2409:40f4:2049:f87a:1299:8265:a679:85e,2603:1061:14:151::1,HIGH
2026-04-21 04:34:48,dropbox.com,10.145.93.208,224.0.0.251,HIGH
2026-04-21 04:34:48,dropbox.com,fe80::50bc:c6ff:fe32:17ef,ff02::fb,HIGH
2026-04-21 04:34:54,dropbox.com,2409:40f4:2049:f87a:1299:8265:a679:85e,64:ff9b::1496:5fa4,HIGH
2026-04-21 04:34:54,dropbox.com,2409:40f4:2049:f87a:1299:8265:a679:85e,2606:4700:83b2:7cbc:c23b:43e:5ff2:75c4,HIGH
2026-04-21 04:34:55,dropbox.com,2409:40f4:2049:f87a:1299:8265:a679:85e,2606:4700:83b2:7cbc:c23b:43e:5ff2:75c4,HIGH
2026-04-21 04:34:55,dropbox.com,2409:40f4:2049:f87a:1299:8265:a679:85e,2620:100:6031:18::a27d:5112,HIGH
2026-04-21 04:34:50,dropbox.com,2409:40f4:211f:612f:c06:7b9a:8d78:a84d,2409:40f4:211f:612f::d3,HIGH
2026-04-21 04:34:55,dropbox.com,2409:40f4:2049:f87a:1299:8265:a679:85e,64:ff9b::22fd:a35d,HIGH
2026-04-21 04:34:56,dropbox.com,2409:40f4:2049:f87a:1299:8265:a679:85e,2620:100:6031:18::a27d:5112,HIGH
2026-04-21 04:34:52,dropbox.com,2409:40f4:211f:612f:c06:7b9a:8d78:a84d,2409:40f4:211f:612f::d3,HIGH
2026-04-21 04:34:57,dropbox.com,2409:40f4:2049:f87a:1299:8265:a679:85e,2603:1061:14:151::1,HIGH
2026-04-21 04:34:57,dropbox.com,2409:40f4:2049:f87a:1299:8265:a679:85e,2606:4700:83b2:7cbc:c23b:43e:5ff2:75c4,HIGH
2026-04-21 04:34:53,dropbox.com,2409:40f4:211f:612f:c06:7b9a:8d78:a84d,2409:40f4:211f:612f::d3,HIGH
2026-04-21 04:34:59,dropbox.com,2409:40f4:2049:f87a:1299:8265:a679:85e,64:ff9b::1496:5fa4,HIGH
2026-04-21 04:34:59,dropbox.com,2409:40f4:2049:f87a:1299:8265:a679:85e,2606:4700:83b2:7cbc:c23b:43e:5ff2:75c4,HIGH
2026-04-21 04:35:00,dropbox.com,2409:40f4:2049:f87a:1299:8265:a679:85e,2606:4700:83b2:7cbc:c23b:43e:5ff2:75c4,HIGH
2026-04-21 04:35:01,dropbox.com,2409:40f4:2049:f87a:1299:8265:a679:85e,2620:100:6031:18::a27d:5112,HIGH
2026-04-21 04:35:01,dropbox.com,2409:40f4:2049:f87a:1299:8265:a679:85e,64:ff9b::22fd:a35d,HIGH
2026-04-21 04:35:02,dropbox.com,2409:40f4:2049:f87a:1299:8265:a679:85e,2606:4700:83b2:7cbc:c23b:43e:5ff2:75c4,HIGH
2026-04-21 04:35:03,dropbox.com,2409:40f4:2049:f87a:1299:8265:a679:85e,64:ff9b::22fd:a35d,HIGH
2026-04-21 04:35:03,dropbox.com,2409:40f4:2049:f87a:1299:8265:a679:85e,2603:1061:14:151::1,HIGH
2026-04-21 04:35:05,dropbox.com,2409:40f4:2049:f87a:1299:8265:a679:85e,2606:4700:83b0:267d:a0fd:43d:4913:ecb7,HIGH
2026-04-21 04:35:05,dropbox.com,2409:40f4:2049:f87a:1299:8265:a679:85e,64:ff9b::1496:5fa4,HIGH
2026-04-21 04:35:05,dropbox.com,2409:40f4:2049:f87a:1299:8265:a679:85e,2606:4700:83b2:7cbc:c23b:43e:5ff2:75c4,HIGH
2026-04-21 04:35:06,dropbox.com,2409:40f4:2049:f87a:1299:8265:a679:85e,2606:4700:83b2:7cbc:c23b:43e:5ff2:75c4,HIGH
2026-04-21 04:35:06,dropbox.com,2409:40f4:2049:f87a:1299:8265:a679:85e,2600:1901:0:38d7::,HIGH
2026-04-21 04:35:06,dropbox.com,2409:40f4:2049:f87a:1299:8265:a679:85e,64:ff9b::22fd:a35d,HIGH
2026-04-21 04:35:01,dropbox.com,2409:40f4:211f:612f:c06:7b9a:8d78:a84d,2409:40f4:211f:612f::d3,HIGH
2026-04-21 04:35:07,dropbox.com,2409:40f4:2049:f87a:1299:8265:a679:85e,2620:100:6031:18::a27d:5112,HIGH
2026-04-21 04:35:07,dropbox.com,2409:40f4:2049:f87a:1299:8265:a679:85e,2404:6800:4003:c01::bc,HIGH
2026-04-21 04:35:08,dropbox.com,2409:40f4:2049:f87a:1299:8265:a679:85e,64:ff9b::22fd:a35d,HIGH
2026-04-21 04:35:08,dropbox.com,2409:40f4:2049:f87a:1299:8265:a679:85e,2606:4700:83b2:7cbc:c23b:43e:5ff2:75c4,HIGH
2026-04-21 04:35:10,dropbox.com,2409:40f4:2049:f87a:1299:8265:a679:85e,2606:4700:83b0:267d:a0fd:43d:4913:ecb7,HIGH
2026-04-21 04:35:11,dropbox.com,2409:40f4:2049:f87a:1299:8265:a679:85e,2620:100:6031:18::a27d:5112,HIGH
2026-04-21 04:35:11,dropbox.com,2409:40f4:2049:f87a:1299:8265:a679:85e,2603:1061:14:151::1,HIGH
2026-04-21 04:35:11,dropbox.com,2409:40f4:2049:f87a:1299:8265:a679:85e,64:ff9b::22fd:a35d,HIGH
2026-04-21 04:35:12,dropbox.com,2409:40f4:2049:f87a:1299:8265:a679:85e,64:ff9b::22fd:a35d,HIGH
2026-04-21 04:35:13,dropbox.com,2409:40f4:211f:612f:2cf2:5ac3:1d00:2739,2405:200:1607:1731::312c:8312,HIGH
2026-04-21 04:35:13,dropbox.com,2409:40f4:211f:612f:2cf2:5ac3:1d00:2739,2405:200:1607:1731::312c:8318,HIGH
2026-04-21 04:35:13,dropbox.com,2409:40f4:211f:612f:2cf2:5ac3:1d00:2739,2600:1417:75::17d5:159,HIGH
2026-04-21 04:35:13,dropbox.com,2409:40f4:211f:612f:2cf2:5ac3:1d00:2739,2600:1417:75::17d1:6748,HIGH
2026-04-21 04:35:13,dropbox.com,2409:40f4:211f:612f:2cf2:5ac3:1d00:2739,64:ff9b::17dd:444a,HIGH
2026-04-21 04:35:13,dropbox.com,2409:40f4:2049:f87a:1299:8265:a679:85e,64:ff9b::1496:5fa4,HIGH
2026-04-21 04:35:09,dropbox.com,10.145.93.208,224.0.0.251,HIGH
2026-04-21 04:35:09,dropbox.com,fe80::50bc:c6ff:fe32:17ef,ff02::fb,HIGH
2026-04-21 04:35:14,dropbox.com,2409:40f4:2049:f87a:1299:8265:a679:85e,2606:4700:83b2:7cbc:c23b:43e:5ff2:75c4,HIGH
2026-04-21 04:35:14,dropbox.com,2409:40f4:2049:f87a:1299:8265:a679:85e,64:ff9b::22fd:a35d,HIGH
2026-04-21 04:35:15,dropbox.com,2409:40f4:2049:f87a:1299:8265:a679:85e,2620:100:6031:18::a27d:5112,HIGH
2026-04-21 04:35:16,dropbox.com,2409:40f4:2049:f87a:1299:8265:a679:85e,2606:4700:83b0:267d:a0fd:43d:4913:ecb7,HIGH
2026-04-21 04:35:16,dropbox.com,2409:40f4:2049:f87a:1299:8265:a679:85e,2606:4700:83b2:7cbc:c23b:43e:5ff2:75c4,HIGH
2026-04-21 04:35:21,dropbox.com,2409:40f4:2049:f87a:1299:8265:a679:85e,64:ff9b::22fd:a35d,HIGH
2026-04-21 04:35:22,dropbox.com,2409:40f4:2049:f87a:1299:8265:a679:85e,64:ff9b::22fd:a35d,HIGH
2026-04-21 04:35:22,dropbox.com,2409:40f4:2049:f87a:1299:8265:a679:85e,2404:6800:4007:80c::2003,HIGH
2026-04-21 04:35:24,dropbox.com,2409:40f4:2049:f87a:1299:8265:a679:85e,2606:4700:83b0:267d:a0fd:43d:4913:ecb7,HIGH
2026-04-21 04:35:20,dropbox.com,10.145.93.131,10.145.93.208,HIGH
2026-04-21 04:35:22,dropbox.com,2409:40f4:211f:612f:c06:7b9a:8d78:a84d,2409:40f4:211f:612f::d3,HIGH
2026-04-21 04:35:27,dropbox.com,2409:40f4:2049:f87a:1299:8265:a679:85e,2404:6800:4007:80c::2003,HIGH
2026-04-21 04:35:27,dropbox.com,2409:40f4:2049:f87a:1299:8265:a679:85e,2603:1061:14:151::1,HIGH
2026-04-21 04:35:29,dropbox.com,2409:40f4:2049:f87a:1299:8265:a679:85e,64:ff9b::1496:5fa4,HIGH
2026-04-21 04:35:30,dropbox.com,2409:40f4:2049:f87a:1299:8265:a679:85e,64:ff9b::1496:5fa4,HIGH
2026-04-21 04:35:30,dropbox.com,2409:40f4:2049:f87a:1299:8265:a679:85e,2606:4700:83b2:7cbc:c23b:43e:5ff2:75c4,HIGH
2026-04-21 04:35:31,dropbox.com,2409:40f4:2049:f87a:1299:8265:a679:85e,2620:100:6031:18::a27d:5112,HIGH
2026-04-21 04:35:33,dropbox.com,2409:40f4:2049:f87a:1299:8265:a679:85e,2606:4700:83b2:7cbc:c23b:43e:5ff2:75c4,HIGH
2026-04-21 04:35:34,dropbox.com,2409:40f4:2049:f87a:1299:8265:a679:85e,2404:6800:4007:80c::2003,HIGH
2026-04-21 04:35:32,dropbox.com,10.145.93.131,10.145.93.208,HIGH
2026-04-21 04:35:37,dropbox.com,2409:40f4:2049:f87a:1299:8265:a679:85e,64:ff9b::22fd:a35d,HIGH
2026-04-21 04:35:38,dropbox.com,2409:40f4:2049:f87a:1299:8265:a679:85e,64:ff9b::22fd:a35d,HIGH
2026-04-21 04:35:40,dropbox.com,2409:40f4:2049:f87a:1299:8265:a679:85e,2600:1901:0:38d7::,HIGH
2026-04-21 04:35:40,dropbox.com,2409:40f4:2049:f87a:1299:8265:a679:85e,2404:6800:4003:c01::bc,HIGH
2026-04-21 04:35:40,dropbox.com,2409:40f4:2049:f87a:1299:8265:a679:85e,2606:4700:83b0:267d:a0fd:43d:4913:ecb7,HIGH
2026-04-21 04:35:35,dropbox.com,10.145.93.208,224.0.0.251,HIGH
2026-04-21 04:35:35,dropbox.com,fe80::50bc:c6ff:fe32:17ef,ff02::fb,HIGH
2026-04-21 04:35:41,dropbox.com,2409:40f4:211f:612f:2cf2:5ac3:1d00:2739,2620:1ec:50::11,HIGH
2026-04-21 04:35:42,dropbox.com,2409:40f4:2049:f87a:1299:8265:a679:85e,2404:6800:4007:80c::2003,HIGH
2026-04-21 04:34:47,dropbox.com,2409:40f4:211f:612f:2cf2:5ac3:1d00:2739,2405:200:1607:1731::312c:8318,HIGH
2026-04-21 04:35:44,dropbox.com,2409:40f4:2049:f87a:1299:8265:a679:85e,64:ff9b::22fd:a35d,HIGH
2026-04-21 04:35:44,dropbox.com,2409:40f4:2049:f87a:1299:8265:a679:85e,2620:100:6031:18::a27d:5112,HIGH
2026-04-21 04:35:31,dropbox.com,10.145.93.131,10.145.93.208,HIGH
2026-04-21 04:34:54,dropbox.com,2409:40f4:211f:612f:c06:7b9a:8d78:a84d,2409:40f4:211f:612f::d3,HIGH
2026-04-21 04:34:50,dropbox.com,2409:40f4:2049:f87a:1299:8265:a679:85e,2606:4700:83b2:7cbc:c23b:43e:5ff2:75c4,HIGH
2026-04-21 04:34:52,dropbox.com,2409:40f4:2049:f87a:1299:8265:a679:85e,2404:6800:4000:1025::54,HIGH
2026-04-21 04:35:51,dropbox.com,2409:40f4:211f:612f:c06:7b9a:8d78:a84d,2409:40f4:211f:612f::d3,HIGH
2026-04-21 04:35:58,dropbox.com,2409:40f4:2049:f87a:1299:8265:a679:85e,2404:6800:4007:80c::2003,HIGH
2026-04-21 04:35:53,dropbox.com,10.145.93.131,10.145.93.208,HIGH
2026-04-21 04:35:59,dropbox.com,2409:40f4:2049:f87a:1299:8265:a679:85e,2600:1901:0:38d7::,HIGH
2026-04-21 04:35:00,dropbox.com,2409:40f4:2049:f87a:1299:8265:a679:85e,2620:100:6031:18::a27d:5112,HIGH
2026-04-21 04:35:01,dropbox.com,2409:40f4:2049:f87a:1299:8265:a679:85e,2606:4700:83b0:267d:a0fd:43d:4913:ecb7,HIGH
2026-04-21 04:35:01,dropbox.com,2409:40f4:2049:f87a:1299:8265:a679:85e,64:ff9b::12a1:f632,HIGH
2026-04-21 04:36:00,dropbox.com,2409:40f4:2049:f87a:1299:8265:a679:85e,2603:1061:14:151::1,HIGH
2026-04-21 04:35:01,dropbox.com,2409:40f4:2049:f87a:1299:8265:a679:85e,2001:4860:482b:7700::,HIGH
2026-04-21 04:35:06,dropbox.com,0.0.0.0,255.255.255.255,HIGH
2026-04-21 04:35:06,dropbox.com,10.145.93.208,255.255.255.255,HIGH
2026-04-21 04:36:00,dropbox.com,2409:40f4:211f:612f:2cf2:5ac3:1d00:2739,64:ff9b::312c:91cc,HIGH
2026-04-21 04:36:00,dropbox.com,10.145.93.131,49.44.145.204,HIGH
2026-04-21 04:34:56,dropbox.com,2409:40f4:211f:612f:2cf2:5ac3:1d00:2739,2600:1417:75::17d5:159,HIGH
2026-04-21 04:36:02,dropbox.com,2409:40f4:2049:f87a:1299:8265:a679:85e,2606:4700:83b2:7cbc:c23b:43e:5ff2:75c4,HIGH
2026-04-21 04:36:02,dropbox.com,2409:40f4:2049:f87a:1299:8265:a679:85e,64:ff9b::1496:5fa4,HIGH
2026-04-21 04:35:04,dropbox.com,2409:40f4:2049:f87a:1299:8265:a679:85e,2606:4700:83b0:267d:a0fd:43d:4913:ecb7,HIGH
2026-04-21 04:36:04,dropbox.com,2409:40f4:2049:f87a:1299:8265:a679:85e,2600:1901:0:38d7::,HIGH
2026-04-21 04:36:04,dropbox.com,2409:40f4:2049:f87a:1299:8265:a679:85e,2620:100:6031:18::a27d:5112,HIGH
2026-04-21 04:36:06,dropbox.com,2409:40f4:2049:f87a:1299:8265:a679:85e,2606:4700:83b2:7cbc:c23b:43e:5ff2:75c4,HIGH
2026-04-21 04:36:02,dropbox.com,2409:40f4:211f:612f:c06:7b9a:8d78:a84d,2409:40f4:211f:612f::d3,HIGH
2026-04-21 04:35:09,dropbox.com,2409:40f4:2049:f87a:1299:8265:a679:85e,2606:4700:83b2:7cbc:c23b:43e:5ff2:75c4,HIGH
2026-04-21 04:36:04,dropbox.com,10.145.93.208,224.0.0.251,HIGH
2026-04-21 04:36:04,dropbox.com,fe80::50bc:c6ff:fe32:17ef,ff02::fb,HIGH
2026-04-21 04:36:10,dropbox.com,2409:40f4:2049:f87a:1299:8265:a679:85e,2600:1901:0:38d7::,HIGH
2026-04-21 04:36:10,dropbox.com,2409:40f4:2049:f87a:1299:8265:a679:85e,64:ff9b::22fd:a35d,HIGH
2026-04-21 04:36:13,dropbox.com,2409:40f4:2049:f87a:1299:8265:a679:85e,2606:4700:83b0:267d:a0fd:43d:4913:ecb7,HIGH
2026-04-21 04:36:18,dropbox.com,2409:40f4:2049:f87a:1299:8265:a679:85e,2600:1901:0:38d7::,HIGH
2026-04-21 04:35:21,dropbox.com,2409:40f4:2049:f87a:1299:8265:a679:85e,2606:4700:83b2:7cbc:c23b:43e:5ff2:75c4,HIGH
2026-04-21 04:34:58,dropbox.com,fe80::500:9d9c:7d2b:5665,ff02::1:2,HIGH
2026-04-21 04:36:31,dropbox.com,2409:40f4:2049:f87a:1299:8265:a679:85e,2404:6800:4007:80c::2003,HIGH
2026-04-21 04:35:33,dropbox.com,2409:40f4:211f:612f:2cf2:5ac3:1d00:2739,2404:6800:4007:83e::2003,HIGH
2026-04-21 04:35:31,dropbox.com,2409:40f4:211f:612f:2cf2:5ac3:1d00:2739,2600:1417:75:48f::21cc,HIGH
2026-04-21 04:35:32,dropbox.com,2409:40f4:211f:612f:2cf2:5ac3:1d00:2739,2600:14e1:18:6d::,HIGH
2026-04-21 04:35:32,dropbox.com,2409:40f4:211f:612f:2cf2:5ac3:1d00:2739,2a04:4e42:9::684,HIGH
2026-04-21 04:36:34,dropbox.com,2409:40f4:2049:f87a:1299:8265:a679:85e,2600:1901:0:38d7::,HIGH
2026-04-21 04:36:35,dropbox.com,2409:40f4:2049:f87a:1299:8265:a679:85e,2600:1901:0:38d7::,HIGH
2026-04-21 04:36:30,dropbox.com,10.145.93.208,224.0.0.251,HIGH
2026-04-21 04:36:30,dropbox.com,fe80::50bc:c6ff:fe32:17ef,ff02::fb,HIGH
2026-04-21 04:35:20,dropbox.com,2409:40f4:211f:612f:2cf2:5ac3:1d00:2739,2600:1417:75::17d5:181,HIGH
2026-04-21 04:36:32,dropbox.com,10.145.93.131,10.145.93.208,HIGH
2026-04-21 04:36:37,dropbox.com,2409:40f4:211f:612f:2cf2:5ac3:1d00:2739,64:ff9b::142a:4158,HIGH
2026-04-21 04:35:39,dropbox.com,2409:40f4:2049:f87a:1299:8265:a679:85e,2606:4700:83b2:7cbc:c23b:43e:5ff2:75c4,HIGH
2026-04-21 04:36:43,dropbox.com,2409:40f4:2049:f87a:1299:8265:a679:85e,2001:4860:4802:34::223,HIGH
2026-04-21 04:36:39,dropbox.com,2409:40f4:211f:612f:c06:7b9a:8d78:a84d,2409:40f4:211f:612f::d3,HIGH
2026-04-21 04:36:45,dropbox.com,2409:40f4:2049:f87a:1299:8265:a679:85e,2404:6800:4003:c01::bc,HIGH
2026-04-21 04:36:48,dropbox.com,2409:40f4:2049:f87a:1299:8265:a679:85e,2001:4860:4802:34::223,HIGH
2026-04-21 04:35:53,dropbox.com,2409:40f4:211f:612f:2cf2:5ac3:1d00:2739,2001:4860:4802:36::223,HIGH
2026-04-21 04:36:49,dropbox.com,2409:40f4:2049:f87a:1299:8265:a679:85e,2620:100:6031:18::a27d:5112,HIGH
2026-04-21 04:36:50,dropbox.com,2409:40f4:2049:f87a:1299:8265:a679:85e,2620:100:6031:18::a27d:5112,HIGH
2026-04-21 04:35:51,dropbox.com,2409:40f4:2049:f87a:1299:8265:a679:85e,2606:4700:9c62:7cbc:c2c6:43c:5ff2:75c4,HIGH
2026-04-21 04:36:50,dropbox.com,2409:40f4:2049:f87a:1299:8265:a679:85e,64:ff9b::22fd:a35d,HIGH
2026-04-21 04:36:50,dropbox.com,2409:40f4:2049:f87a:1299:8265:a679:85e,2404:6800:4003:c01::bc,HIGH
2026-04-21 04:36:51,dropbox.com,2409:40f4:2049:f87a:1299:8265:a679:85e,2606:4700:83b0:267d:a0fe:43d:4913:ecb7,HIGH
2026-04-21 04:35:20,dropbox.com,2409:40f4:211f:612f:2cf2:5ac3:1d00:2739,64:ff9b::491:b24,HIGH
2026-04-21 04:36:54,dropbox.com,2409:40f4:2049:f87a:1299:8265:a679:85e,2001:4860:4802:34::223,HIGH
2026-04-21 04:36:49,dropbox.com,2409:40f4:211f:612f:c06:7b9a:8d78:a84d,2409:40f4:211f:612f::d3,HIGH
2026-04-21 04:36:55,dropbox.com,2409:40f4:2049:f87a:1299:8265:a679:85e,2001:4860:4802:34::223,HIGH
2026-04-21 04:36:50,dropbox.com,2409:40f4:211f:612f:c06:7b9a:8d78:a84d,2409:40f4:211f:612f::d3,HIGH
2026-04-21 04:36:55,dropbox.com,2409:40f4:2049:f87a:1299:8265:a679:85e,2620:100:6031:18::a27d:5112,HIGH
2026-04-21 04:36:55,dropbox.com,2409:40f4:2049:f87a:1299:8265:a679:85e,64:ff9b::22fd:a35d,HIGH
2026-04-21 04:36:51,dropbox.com,2409:40f4:211f:612f:c06:7b9a:8d78:a84d,2409:40f4:211f:612f::d3,HIGH
2026-04-21 04:36:56,dropbox.com,2409:40f4:2049:f87a:1299:8265:a679:85e,2606:4700:83b0:267d:a0fe:43d:4913:ecb7,HIGH
2026-04-21 04:36:57,dropbox.com,2409:40f4:2049:f87a:1299:8265:a679:85e,2404:6800:4003:c01::bc,HIGH
2026-04-21 04:36:01,dropbox.com,2409:40f4:2049:f87a:1299:8265:a679:85e,2001:4860:482b:7700::,HIGH
2026-04-21 04:37:01,dropbox.com,2409:40f4:2049:f87a:1299:8265:a679:85e,2620:100:6031:18::a27d:5112,HIGH
2026-04-21 04:37:01,dropbox.com,2409:40f4:2049:f87a:1299:8265:a679:85e,64:ff9b::22fd:a35d,HIGH
2026-04-21 04:37:02,dropbox.com,2409:40f4:2049:f87a:1299:8265:a679:85e,2606:4700:83b0:267d:a0fe:43d:4913:ecb7,HIGH
2026-04-21 04:37:02,dropbox.com,2409:40f4:2049:f87a:1299:8265:a679:85e,2001:4860:4802:34::223,HIGH
2026-04-21 04:37:03,dropbox.com,2409:40f4:2049:f87a:1299:8265:a679:85e,2001:4860:4802:34::223,HIGH
2026-04-21 04:37:05,dropbox.com,2409:40f4:2049:f87a:1299:8265:a679:85e,2404:6800:4003:c01::bc,HIGH
2026-04-21 04:37:08,dropbox.com,2409:40f4:2049:f87a:1299:8265:a679:85e,2600:1901:0:38d7::,HIGH
2026-04-21 04:37:08,dropbox.com,2409:40f4:2049:f87a:1299:8265:a679:85e,2606:4700:9c62:7cbc:c2c6:43c:5ff2:75c4,HIGH
2026-04-21 04:37:09,dropbox.com,2409:40f4:2049:f87a:1299:8265:a679:85e,2620:100:6031:18::a27d:5112,HIGH
2026-04-21 04:37:09,dropbox.com,2409:40f4:2049:f87a:1299:8265:a679:85e,64:ff9b::22fd:a35d,HIGH
2026-04-21 04:37:05,dropbox.com,2409:40f4:211f:612f:c06:7b9a:8d78:a84d,2409:40f4:211f:612f::d3,HIGH
2026-04-21 04:37:10,dropbox.com,2409:40f4:2049:f87a:1299:8265:a679:85e,2620:100:6031:18::a27d:5112,HIGH
2026-04-21 04:37:10,dropbox.com,2409:40f4:2049:f87a:1299:8265:a679:85e,2606:4700:83b0:267d:a0fe:43d:4913:ecb7,HIGH
2026-04-21 04:37:12,dropbox.com,2409:40f4:2049:f87a:1299:8265:a679:85e,2606:4700:9c62:7cbc:c2c6:43c:5ff2:75c4,HIGH
2026-04-21 04:37:13,dropbox.com,2409:40f4:2049:f87a:1299:8265:a679:85e,2606:4700:9c62:7cbc:c2c6:43c:5ff2:75c4,HIGH
2026-04-21 04:37:15,dropbox.com,2409:40f4:2049:f87a:1299:8265:a679:85e,2620:100:6031:18::a27d:5112,HIGH
2026-04-21 04:37:05,dropbox.com,2409:40f4:2049:f87a:1299:8265:a679:85e,2606:4700:9c62:7cbc:c2c6:43c:5ff2:75c4,HIGH
2026-04-21 04:37:04,dropbox.com,2409:40f4:2049:f87a:1299:8265:a679:85e,64:ff9b::12a1:f650,HIGH
2026-04-21 04:37:01,dropbox.com,2409:40f4:2049:f87a:1299:8265:a679:85e,2001:4860:482b:7700::,HIGH
2026-04-21 04:36:51,dropbox.com,2409:40f4:2049:f87a:1299:8265:a679:85e,64:ff9b::12a1:f650,HIGH
2026-04-21 04:36:39,dropbox.com,2409:40f4:2049:f87a:1299:8265:a679:85e,2001:4860:4802:34::223,HIGH
2026-04-21 04:36:32,dropbox.com,10.145.93.131,239.255.255.250,HIGH
2026-04-21 04:36:30,dropbox.com,2409:40f4:211f:612f:2cf2:5ac3:1d00:2739,2603:1040:a06:6::1,HIGH
2026-04-21 04:37:15,dropbox.com,2409:40f4:2049:f87a:1299:8265:a679:85e,64:ff9b::12a1:f650,HIGH
2026-04-21 04:36:10,dropbox.com,fe80::50bc:c6ff:fe32:17ef,fe80::500:9d9c:7d2b:5665,HIGH
2026-04-21 04:36:10,dropbox.com,0.0.0.0,255.255.255.255,HIGH
2026-04-21 04:36:05,dropbox.com,fe80::500:9d9c:7d2b:5665,fe80::50bc:c6ff:fe32:17ef,HIGH
2026-04-21 04:35:59,dropbox.com,2409:40f4:2049:f87a:1299:8265:a679:85e,ff02::1:ff00:f3,HIGH
2026-04-21 04:35:32,dropbox.com,2409:40f4:211f:612f:2cf2:5ac3:1d00:2739,2600:1417:75::17d1:6741,HIGH
2026-04-21 04:35:27,dropbox.com,fe80::da27:da69:e3c2:2ad,2409:40f4:211f:612f::d3,HIGH
2026-04-21 04:35:21,dropbox.com,fe80::50bc:c6ff:fe32:17ef,2409:40f4:211f:612f:2cf2:5ac3:1d00:2739,HIGH
2026-04-21 04:35:20,dropbox.com,2409:40f4:211f:612f:2cf2:5ac3:1d00:2739,64:ff9b::acbc:9b19,HIGH
2026-04-21 04:35:15,dropbox.com,fe80::da27:da69:e3c2:2ad,fe80::50bc:c6ff:fe32:17ef,HIGH
2026-04-21 04:35:06,dropbox.com,fe80::50bc:c6ff:fe32:17ef,2409:40f4:211f:612f:c06:7b9a:8d78:a84d,HIGH
2026-04-21 04:35:23,dropbox.com,fe80::50bc:c6ff:fe32:17ef,fe80::da27:da69:e3c2:2ad,HIGH
2026-04-21 04:34:47,dropbox.com,10.145.93.131,202.39.224.7,HIGH
